Last Name,First Name,Email,Grade
Benton,Michael,michael.benton@example.edu,17
Wilkerson,Levi,levi.wilkerson@example.edu,9
Lee,Michelle,michelle.lee@example.edu,15
Williams,Kimberly,kimberly.williams@example.edu,7
Smith,Samantha,samantha.smith@example.edu,14
Sanders,Beth,beth.sanders@example.edu,14
Saunders,Richard,richard.saunders@example.edu,17
Leon,Tammy,tammy.leon@example.edu,12
Daniel,William,william.daniel@example.edu,11
Sampson,Stephanie,stephanie.sampson@example.edu,16
Foster,Ashlee,ashlee.foster@example.edu,9
Dunlap,Angela,angela.dunlap@example.edu,17
Jones,Daniel,daniel.jones@example.edu,9
Hart,Colleen,colleen.hart@example.edu,8
Lopez,Mark,mark.lopez@example.edu,15
Good,Sherry,sherry.good@example.edu,9
Hunt,Brett,brett.hunt@example.edu,10
Wolf,Courtney,courtney.wolf@example.edu,12
Warren,Tamara,tamara.warren@example.edu,17
Powers,Brooke,brooke.powers@example.edu,18
Reyes,Carol,carol.reyes@example.edu,14
Warren,Angela,angela.warren@example.edu,11
Clark,Jill,jill.clark@example.edu,10
Terry,Amy,amy.terry@example.edu,17
Rush,Oscar,oscar.rush@example.edu,7
Castillo,Amanda,amanda.castillo@example.edu,9
Vasquez,Sara,sara.vasquez@example.edu,12
Scott,Michelle,michelle.scott@example.edu,18
Pena,Jonathan,jonathan.pena@example.edu,13
Poole,Melissa,melissa.poole@example.edu,16
Dennis,Cameron,cameron.dennis@example.edu,14
Edwards,Timothy,timothy.edwards@example.edu,11
Petersen,Kristin,kristin.petersen@example.edu,10
Bennett,Richard,richard.bennett@example.edu,10
Beck,David,david.beck@example.edu,13
Friedman,Linda,linda.friedman@example.edu,17
Thomas,Brandon,brandon.thomas@example.edu,11
Gonzalez,Matthew,matthew.gonzalez@example.edu,18
Faulkner,Katelyn,katelyn.faulkner@example.edu,18
Duffy,Erin,erin.duffy@example.edu,13
Lee,Danielle,danielle.lee@example.edu,17
Payne,Douglas,douglas.payne@example.edu,12
Roberts,Steven,steven.roberts@example.edu,12
Woodard,John,john.woodard@example.edu,13
Webb,Heather,heather.webb@example.edu,16
Flores,Russell,russell.flores@example.edu,16
Watkins,Carol,carol.watkins@example.edu,14
Patterson,Nicole,nicole.patterson@example.edu,13
Odom,John,john.odom@example.edu,15
Delgado,Desiree,desiree.delgado@example.edu,10
Brown,Michael,michael.brown@example.edu,8
Rodriguez,John,john.rodriguez@example.edu,14
Price,Ricardo,ricardo.price@example.edu,18
Glover,Heidi,heidi.glover@example.edu,14
Miller,Jorge,jorge.miller@example.edu,12
Bauer,John,john.bauer@example.edu,8
Marshall,Shawn,shawn.marshall@example.edu,7
Johnston,Robert,robert.johnston@example.edu,7
Ortega,Tiffany,tiffany.ortega@example.edu,18
Richard,Andrew,andrew.richard@example.edu,9
Nguyen,Cindy,cindy.nguyen@example.edu,12
Mitchell,Samuel,samuel.mitchell@example.edu,8
Jones,Sarah,sarah.jones@example.edu,15
Bailey,Belinda,belinda.bailey@example.edu,10
Harris,John,john.harris@example.edu,7
Davidson,Luke,luke.davidson@example.edu,12
Garcia,Desiree,desiree.garcia@example.edu,18
Miranda,Brett,brett.miranda@example.edu,9
Walls,Joyce,joyce.walls@example.edu,9
Weber,Samuel,samuel.weber@example.edu,14
Nguyen,Donna,donna.nguyen@example.edu,17
Parker,Timothy,timothy.parker@example.edu,18
Taylor,Michael,michael.taylor@example.edu,17
Gordon,Lori,lori.gordon@example.edu,13
Campbell,Charles,charles.campbell@example.edu,15
Cervantes,Scott,scott.cervantes@example.edu,12
Mann,Nicole,nicole.mann@example.edu,11
Rice,Rhonda,rhonda.rice@example.edu,15
Brock,Lauren,lauren.brock@example.edu,7
Moore,Kimberly,kimberly.moore@example.edu,18
Miller,Stephen,stephen.miller@example.edu,14
Brown,Kelsey,kelsey.brown@example.edu,12
Jones,Michele,michele.jones@example.edu,17
Reid,Laura,laura.reid@example.edu,9
Smith,Andrea,andrea.smith@example.edu,9
Dunn,Amy,amy.dunn@example.edu,13
Boyd,Victoria,victoria.boyd@example.edu,17
Schwartz,Billy,billy.schwartz@example.edu,15
Johnson,Dylan,dylan.johnson@example.edu,8
Houston,Emily,emily.houston@example.edu,14
Foster,Tommy,tommy.foster@example.edu,7
Thomas,Sandra,sandra.thomas@example.edu,7
Graham,Benjamin,benjamin.graham@example.edu,15
Rogers,Sherry,sherry.rogers@example.edu,8
Mccall,Kimberly,kimberly.mccall@example.edu,17
Myers,Brian,brian.myers@example.edu,10
Holt,Crystal,crystal.holt@example.edu,12
Ramirez,Timothy,timothy.ramirez@example.edu,15
Terry,Thomas,thomas.terry@example.edu,16
Bryan,Bradley,bradley.bryan@example.edu,15
Dennis,Rachel,rachel.dennis@example.edu,8
Bates,Nathan,nathan.bates@example.edu,14
Watson,Holly,holly.watson@example.edu,7
Greer,April,april.greer@example.edu,15
Allen,Christina,christina.allen@example.edu,11
Flores,Brandon,brandon.flores@example.edu,14
Simpson,Felicia,felicia.simpson@example.edu,10
Walsh,Jill,jill.walsh@example.edu,8
Stevens,Marcia,marcia.stevens@example.edu,18
Rodriguez,Alexander,alexander.rodriguez@example.edu,11
Patrick,Mark,mark.patrick@example.edu,10
Edwards,Nicole,nicole.edwards@example.edu,15
Young,Joseph,joseph.young@example.edu,8
Guzman,Cynthia,cynthia.guzman@example.edu,10
Johnson,Jamie,jamie.johnson@example.edu,14
Smith,Kerry,kerry.smith@example.edu,14
Martin,Ashley,ashley.martin@example.edu,10
Elliott,Richard,richard.elliott@example.edu,18
Anderson,Daisy,daisy.anderson@example.edu,12
Cooper,Adam,adam.cooper@example.edu,11
Johnson,Tara,tara.johnson@example.edu,10
Curry,Alec,alec.curry@example.edu,8
Garza,Jessica,jessica.garza@example.edu,16
Miller,Anthony,anthony.miller@example.edu,16
Lester,Aaron,aaron.lester@example.edu,18
Reilly,Brandy,brandy.reilly@example.edu,13
Johnson,Paul,paul.johnson@example.edu,14
Johnson,Stacy,stacy.johnson@example.edu,11
James,Margaret,margaret.james@example.edu,9
Carter,Lorraine,lorraine.carter@example.edu,14
Adams,Amy,amy.adams@example.edu,15
Perez,Jeffrey,jeffrey.perez@example.edu,18
Anderson,Lauren,lauren.anderson@example.edu,8
Dudley,Emily,emily.dudley@example.edu,8
Underwood,James,james.underwood@example.edu,7
Evans,Patricia,patricia.evans@example.edu,14
Raymond,Troy,troy.raymond@example.edu,10
Smith,Crystal,crystal.smith@example.edu,11
Sparks,Leslie,leslie.sparks@example.edu,7
Daniels,Amber,amber.daniels@example.edu,18
Hernandez,Taylor,taylor.hernandez@example.edu,9
Washington,Travis,travis.washington@example.edu,10
Reyes,Jason,jason.reyes@example.edu,16
Douglas,Robert,robert.douglas@example.edu,7
Baldwin,Lucas,lucas.baldwin@example.edu,7
White,Amy,amy.white@example.edu,17
King,Paige,paige.king@example.edu,11
Reyes,Bailey,bailey.reyes@example.edu,16
Smith,Matthew,matthew.smith@example.edu,15
Rhodes,Kimberly,kimberly.rhodes@example.edu,9
